Date,true_vol,baseline_vol,ridge_vol,gbr_vol
2024-01-02,0.1080767932176501,0.0976419383297643,0.10571199680251893,0.1284021618993398
2024-01-03,0.1087327027683728,0.1009045611032092,0.11057557346002227,0.11948873793932593
2024-01-04,0.1084714163584813,0.1021494899309286,0.11191928746948177,0.12015560788071654
2024-01-05,0.0984451646277002,0.1001445121191915,0.11105072198472082,0.14537560722714304
2024-01-08,0.0992941376746248,0.1077724652608001,0.11440590846879173,0.13894673994593787
2024-01-09,0.1013823404191755,0.1080767932176501,0.11332845697184063,0.13390548972048494
2024-01-10,0.1042432308754129,0.1087327027683728,0.10921724924687318,0.13489813131591055
2024-01-11,0.1109432179040385,0.1084714163584813,0.10895723040968108,0.13509464860104703
2024-01-12,0.0963112945877675,0.0984451646277002,0.10106040389412792,0.1310504071382984
2024-01-16,0.0919520156287172,0.0992941376746248,0.10121783831698447,0.11798109294081426
2024-01-17,0.0919119990114,0.1013823404191755,0.10361919369405809,0.11954244477997819
2024-01-18,0.0925325013655633,0.1042432308754129,0.10350590178764849,0.11191828582883342
2024-01-19,0.0929463220940901,0.1109432179040385,0.10821687493395638,0.1295177745099354
2024-01-22,0.0959150520285604,0.0963112945877675,0.1017145226902348,0.12447027949731647
2024-01-23,0.0949118108315612,0.0919520156287172,0.10057695343231844,0.11313411955842427
2024-01-24,0.1120985382257015,0.0919119990114,0.09990568260864506,0.09837040370999031
2024-01-25,0.1140898228722949,0.0925325013655633,0.0996334813855625,0.09807180204757109
2024-01-26,0.1159061954824992,0.0929463220940901,0.099045961787674,0.10302744320162913
2024-01-29,0.1180843484703389,0.0959150520285604,0.0975954079903483,0.09981493317254865
2024-01-30,0.1098783638548977,0.0949118108315612,0.09650744093990173,0.09677379482992331
2024-01-31,0.1112302122246837,0.1120985382257015,0.1145690869407686,0.11795817933164798
2024-02-01,0.1108090297056217,0.1140898228722949,0.11426385336859944,0.11584879769526374
2024-02-02,0.1110119215219781,0.1159061954824992,0.11317625454280889,0.11840900350140399
2024-02-05,0.1113341971349185,0.1180843484703389,0.11443996429982903,0.11904053164769504
2024-02-06,0.1239765645163115,0.1098783638548977,0.11187563305784448,0.11261335243419425
2024-02-07,0.1230254018022716,0.1112302122246837,0.11130127664870447,0.11134140703062122
2024-02-08,0.1219103535716331,0.1108090297056217,0.1109072568381579,0.10413727027190464
2024-02-09,0.1189931365464448,0.1110119215219781,0.10900619714657518,0.10808929133301201
2024-02-12,0.1217291973777865,0.1113341971349185,0.10697809102057942,0.1085782631650224
2024-02-13,0.1215977124061544,0.1239765645163115,0.119241004240066,0.12478356912077547
2024-02-14,0.139424624532107,0.1230254018022716,0.11606629231594004,0.11942982300405268
2024-02-15,0.1389970343877609,0.1219103535716331,0.11471549425440118,0.12278916255496375
2024-02-16,0.1400003457033862,0.1189931365464448,0.11695252539692699,0.11965992291545259
2024-02-20,0.1381871636137324,0.1217291973777865,0.11788958398942107,0.12443175548878958
2024-02-21,0.1383241884898222,0.1215977124061544,0.11591177768601924,0.12224494915094397
2024-02-22,0.1209495106260316,0.139424624532107,0.12438393932536825,0.14539725300041897
2024-02-23,0.1173980743212773,0.1389970343877609,0.12228211728063833,0.14085443816121662
2024-02-26,0.1139190720898212,0.1400003457033862,0.12187648462591258,0.13559245688314608
2024-02-27,0.1200611363879597,0.1381871636137324,0.12091481365692493,0.1353605794248948
2024-02-28,0.1206453123014377,0.1383241884898222,0.1200494741785466,0.13130589215752025
2024-02-29,0.1219310586745851,0.1209495106260316,0.11078258008377202,0.12022250725527354
2024-03-01,0.1249015625800898,0.1173980743212773,0.11020763974005819,0.09887136831962459
2024-03-04,0.1239909174760259,0.1139190720898212,0.11017773046601415,0.10242778054304064
2024-03-05,0.1285037925085612,0.1200611363879597,0.11859630345958232,0.10369005765909187
2024-03-06,0.1157059616547786,0.1206453123014377,0.11669378989384609,0.10738432156361052
2024-03-07,0.113611698137737,0.1219310586745851,0.11361259589635012,0.11049539124959633
2024-03-08,0.1156494325441189,0.1249015625800898,0.11463848632721549,0.11214643065542323
2024-03-11,0.1147262886280893,0.1239909174760259,0.11536917514359357,0.1139043686048557
2024-03-12,0.1124792051292801,0.1285037925085612,0.11509431864625333,0.11321503547842149
2024-03-13,0.1152081311388403,0.1157059616547786,0.11024553134500092,0.11275229668052843
2024-03-14,0.0936447481470818,0.113611698137737,0.11022372128959763,0.10127038308321905
2024-03-15,0.094419203828558,0.1156494325441189,0.11414199952816041,0.10535892387434558
2024-03-18,0.0938222396598724,0.1147262886280893,0.11259078772302931,0.10351730629156687
2024-03-19,0.0945538325103105,0.1124792051292801,0.10968573681913249,0.0973513776099126
2024-03-20,0.0971915485680566,0.1152081311388403,0.10904199530806206,0.10527274935592452
2024-03-21,0.0971939639589782,0.0936447481470818,0.09990413501212796,0.09932625151200267
2024-03-22,0.093383017974367,0.094419203828558,0.10072656163737513,0.09174952109979337
2024-03-25,0.096821757322883,0.0938222396598724,0.10195331539509965,0.09361550987722296
2024-03-26,0.0879581173448385,0.0945538325103105,0.1026534038801555,0.09815282406687979
2024-03-27,0.0990864628041986,0.0971915485680566,0.10270522213390627,0.0979585164970261
2024-03-28,0.0997491930745565,0.0971939639589782,0.09688226424362385,0.10260585597166368
2024-04-01,0.0967286289321794,0.093383017974367,0.09615196209774726,0.1020222810492038
2024-04-02,0.0965246652497125,0.096821757322883,0.0988519613162123,0.10165679914974284
2024-04-03,0.0968036048668768,0.0879581173448385,0.09581941249877401,0.10075821821815473
2024-04-04,0.1002900445004876,0.0990864628041986,0.10682676721619956,0.11083373611232224
2024-04-05,0.112184545491321,0.0997491930745565,0.10792532665069772,0.10357424186353274
2024-04-08,0.1183427706130929,0.0967286289321794,0.10656320686868609,0.10354725219568053
2024-04-09,0.1159077502521899,0.0965246652497125,0.10636082316868117,0.10180971694535665
2024-04-10,0.1145763763327565,0.0968036048668768,0.11152533221531419,0.10957435048451668
2024-04-11,0.1073764283338661,0.1002900445004876,0.10994772342354783,0.1050240532404839
2024-04-12,0.1079366733880088,0.112184545491321,0.12062764874224388,0.12535097684794097
2024-04-15,0.115828418649682,0.1183427706130929,0.13155639315815174,0.13550335577408182
2024-04-16,0.1258295846220033,0.1159077502521899,0.130806278267248,0.1370662942402469
2024-04-17,0.125855801494226,0.1145763763327565,0.1281724859561195,0.13726938874163086
2024-04-18,0.1207564428217182,0.1073764283338661,0.12464473365572264,0.12304397128332073
2024-04-19,0.1272349882904044,0.1079366733880088,0.12055520673703665,0.12267962735361305
2024-04-22,0.1284399821921032,0.115828418649682,0.12308015921229398,0.1277045688282503
2024-04-23,0.1377674774432207,0.1258295846220033,0.12624632131710234,0.13553988604123812
2024-04-24,0.1374810356392408,0.125855801494226,0.12422111337944178,0.14345211143797112
2024-04-25,0.1371553902203444,0.1207564428217182,0.12091161498384176,0.1361214451853912
2024-04-26,0.1393908804968668,0.1272349882904044,0.1201386490596269,0.13912584701349306
2024-04-29,0.1447124667746955,0.1284399821921032,0.11777430415324248,0.13610174259574026
2024-04-30,0.1447059572496428,0.1377674774432207,0.12983016823202745,0.15262246802287574
2024-05-01,0.139946281943821,0.1374810356392408,0.1277313247768419,0.14870185072167677
2024-05-02,0.1388701265315295,0.1371553902203444,0.12628337131240638,0.1482546151368012
2024-05-03,0.1284812864832514,0.1393908804968668,0.12462153158280102,0.1412597439417731
2024-05-06,0.1181720526770442,0.1447124667746955,0.12311787581724778,0.13581977881125945
2024-05-07,0.1178918841788207,0.1447059572496428,0.11966731131146081,0.1330430453861206
2024-05-08,0.119530145809827,0.139946281943821,0.11751646665403065,0.13047837661697173
2024-05-09,0.1195299126853125,0.1388701265315295,0.11479951786570848,0.12375128893436899
2024-05-10,0.1116169004318241,0.1284812864832514,0.10919824032238412,0.10563399744965259
2024-05-13,0.1096840176099578,0.1181720526770442,0.1042945693905967,0.10055431608569272
2024-05-14,0.1045811176618862,0.1178918841788207,0.10246812974404591,0.09224962825265214
2024-05-15,0.1058257876792947,0.119530145809827,0.10340141379763161,0.09420354254540673
2024-05-16,0.109234577852597,0.1195299126853125,0.10211638244336275,0.09127278748019568
2024-05-17,0.1071848541956014,0.1116169004318241,0.09695062805101072,0.08749674856852684
2024-05-20,0.1071334274911186,0.1096840176099578,0.09749993207659235,0.087861068395257
2024-05-21,0.0908140782555843,0.1045811176618862,0.0975877781746512,0.08331737269989718
2024-05-22,0.0943324064466717,0.1058257876792947,0.09746427364346943,0.08933322034982251
2024-05-23,0.0940924140330242,0.109234577852597,0.10115333929242193,0.09197313280627233
2024-05-24,0.0861512127086512,0.1071848541956014,0.1003205304066064,0.09272726163655116
2024-05-28,0.0798061005748894,0.1071334274911186,0.10077662878605774,0.09135275426676767
2024-05-29,0.088355884510291,0.0908140782555843,0.09465372314180584,0.09788598857739092
2024-05-30,0.0883839423597957,0.0943324064466717,0.0997373861355908,0.10915391964741024
2024-05-31,0.0875681287391437,0.0940924140330242,0.09915357780280315,0.10262398461556396
2024-06-03,0.0877933963612982,0.0861512127086512,0.09575226867622641,0.09571182740194348
2024-06-04,0.0877282389899908,0.0798061005748894,0.09538467976418973,0.08904915034319821
2024-06-05,0.0902894080579581,0.088355884510291,0.09745043946923145,0.10183332480701088
2024-06-06,0.0811793343954749,0.0883839423597957,0.0973905029327356,0.09725759548826042
2024-06-07,0.0803143978785913,0.0875681287391437,0.09871907953366305,0.08735036536635632
2024-06-10,0.0836787280211532,0.0877933963612982,0.09658603836745643,0.08805512208747314
2024-06-11,0.083716134341078,0.0877282389899908,0.09411004755468862,0.08994743041566318
2024-06-12,0.0851093029540368,0.0902894080579581,0.09646100572055848,0.09706210326815869
2024-06-13,0.0842393852070672,0.0811793343954749,0.09349483405026766,0.08857966131291535
2024-06-14,0.0796735813567163,0.0803143978785913,0.09414181513910905,0.08920997320704069
2024-06-17,0.0780276411455304,0.0836787280211532,0.09536519393490887,0.08568683802160217
2024-06-18,0.077968444340967,0.083716134341078,0.09537987809435448,0.08586616232578761
2024-06-20,0.0709790273491291,0.0851093029540368,0.09631552324137212,0.0807538361045848
2024-06-21,0.0671130945046424,0.0842393852070672,0.09585706970293556,0.08320927876332607
2024-06-24,0.0619999161776285,0.0796735813567163,0.09593645827241727,0.08550265704644817
2024-06-25,0.0642009513992147,0.0780276411455304,0.09502902272609397,0.08475519947867839
2024-06-26,0.0645929354688746,0.077968444340967,0.09518015953698074,0.08025173251757547
2024-06-27,0.0557191344122152,0.0709790273491291,0.08870270308261098,0.0678705127936959
2024-06-28,0.0553114684242981,0.0671130945046424,0.08865830186131984,0.0693011185698427
2024-07-01,0.0541283046097561,0.0619999161776285,0.08593449565393857,0.07554201914565947
2024-07-02,0.0605916916596681,0.0642009513992147,0.08463761784675411,0.08008547888520653
2024-07-03,0.0724022395099862,0.0645929354688746,0.08372420675474329,0.07533372760462467
2024-07-05,0.0705297579033378,0.0557191344122152,0.08056620779737113,0.07684835222129913
2024-07-08,0.0705999003391992,0.0553114684242981,0.0793716022847032,0.0735625854234307
2024-07-09,0.07182334301139,0.0541283046097561,0.07832160657714823,0.07628521744681559
2024-07-10,0.088923986742755,0.0605916916596681,0.08204342124646731,0.08466893431119539
2024-07-11,0.0939570263247883,0.0724022395099862,0.09117762842472164,0.09456555872352403
2024-07-12,0.0967712449009689,0.0705297579033378,0.08942304755595482,0.09647202036122961
2024-07-15,0.1026721024347372,0.0705999003391992,0.08724881699197842,0.09505628011485419
2024-07-16,0.1019335498537187,0.07182334301139,0.087519773171531,0.09700311279334282
2024-07-17,0.1319237074182486,0.088923986742755,0.10352875771786764,0.12288329852256567
2024-07-18,0.1328929065734757,0.0939570263247883,0.10975649739205266,0.13016368560932107
2024-07-19,0.1392061738992208,0.0967712449009689,0.11197392343235199,0.13297146854690364
2024-07-22,0.1385077565402711,0.1026721024347372,0.1119790661531787,0.13742137458130116
2024-07-23,0.1394493244696123,0.1019335498537187,0.1090859085018104,0.12709186195382144
2024-07-24,0.1493839529452159,0.1319237074182486,0.13905818113748275,0.15932341467595895
2024-07-25,0.1568420701483505,0.1328929065734757,0.13899927900093728,0.15670988594875576
2024-07-26,0.1671631022125706,0.1392061738992208,0.13410604410904725,0.1598215409782196
2024-07-29,0.1930232087723066,0.1385077565402711,0.12885394472255254,0.15886061536917923
2024-07-30,0.1977046185934432,0.1394493244696123,0.1266973268927006,0.155762657418191
2024-07-31,0.1919481973632348,0.1493839529452159,0.1295149476952445,0.1556217662464237
2024-08-01,0.2131246002738578,0.1568420701483505,0.13639344637856152,0.18610399667978395
2024-08-02,0.2122101214024984,0.1671631022125706,0.14720215981592705,0.18801628504802415
2024-08-05,0.2116314939712293,0.1930232087723066,0.17897888167982476,0.24610802818980335
2024-08-06,0.2202130392388817,0.1977046185934432,0.17295682601890752,0.23991582290085336
2024-08-07,0.2161658091225054,0.1919481973632348,0.1624778802379845,0.22465473383328072
2024-08-08,0.2239413052842621,0.2131246002738578,0.17557128376338835,0.2377556750490936
2024-08-09,0.2226345550999037,0.2122101214024984,0.16305702187931037,0.23461885187157017
2024-08-12,0.2222181465502342,0.2116314939712293,0.1556462334048875,0.2142698648350642
2024-08-13,0.2222252216726321,0.2202130392388817,0.1548878608217702,0.20943649793900654
2024-08-14,0.2044524820934133,0.2161658091225054,0.15026307299142996,0.2055156478150237
2024-08-15,0.2058679143822238,0.2239413052842621,0.15109815903525076,0.19986255837695913
2024-08-16,0.2055293228111429,0.2226345550999037,0.14628101896810633,0.18719783061551107
2024-08-19,0.2059940278409014,0.2222181465502342,0.14414549761544743,0.18566842458058105
2024-08-20,0.2045497223846651,0.2222252216726321,0.14021672300038218,0.18872504980557983
2024-08-21,0.1988832953701693,0.2044524820934133,0.13259047247664627,0.15488568669212746
2024-08-22,0.1909532386469833,0.2058679143822238,0.13402691218987633,0.16758643564640274
2024-08-23,0.1771982939070629,0.2055293228111429,0.1334767586382177,0.15367125673587562
2024-08-26,0.1576209982448141,0.2059940278409014,0.1312229594410153,0.15475131969963743
2024-08-27,0.1570541667199093,0.2045497223846651,0.13133040875093838,0.15449844525672346
2024-08-28,0.1543759750188839,0.1988832953701693,0.13033003180839461,0.15263253478174843
2024-08-29,0.1507821826423363,0.1909532386469833,0.12821654784605296,0.1437230870761869
2024-08-30,0.1546954174499353,0.1771982939070629,0.11785848452647693,0.14555421055219928
2024-09-03,0.1550543093954322,0.1576209982448141,0.11685255350546477,0.15169684703589684
2024-09-04,0.1486677407378748,0.1570541667199093,0.1223643336414692,0.15532261118228594
2024-09-05,0.1507600089019723,0.1543759750188839,0.11858369960315004,0.14959407671582842
2024-09-06,0.1400015095701385,0.1507821826423363,0.1297492872564884,0.15527920782862217
2024-09-09,0.1399237274368981,0.1546954174499353,0.12818800983461884,0.15834467225616405
2024-09-10,0.1360489226347011,0.1550543093954322,0.11826265164551479,0.15667653793673256
2024-09-11,0.1363853506218769,0.1486677407378748,0.11742249453994341,0.15270423205273612
2024-09-12,0.1484421985931401,0.1507600089019723,0.11714244049395081,0.1485350644302419
2024-09-13,0.1451788518117814,0.1400015095701385,0.11019482517994797,0.13907671740359362
2024-09-16,0.1410552594901376,0.1399237274368981,0.11137679499514266,0.13050090182908403
2024-09-17,0.1407022103298461,0.1360489226347011,0.1122412180518587,0.11942139782798114
2024-09-18,0.1411772273133517,0.1363853506218769,0.1131060848501034,0.12507892297119902
2024-09-19,0.1392535158409178,0.1484421985931401,0.11877825286567156,0.12343933251657305
2024-09-20,0.1395517162773946,0.1451788518117814,0.11773045169855832,0.1280792476159787
2024-09-23,0.1366065394846645,0.1410552594901376,0.11937504829781208,0.12722405328692576
2024-09-24,0.1165469708403038,0.1407022103298461,0.12161095017607296,0.12812546034673267
2024-09-25,0.115840658656238,0.1411772273133517,0.12529392932597444,0.13142739091683117
2024-09-26,0.1155699543507097,0.1392535158409178,0.12550539436948438,0.12353655078440168
2024-09-27,0.0945580655295857,0.1395517162773946,0.12616982336491003,0.11500448945788268
2024-09-30,0.0988616408430169,0.1366065394846645,0.12423951237637593,0.11397341491609918
2024-10-01,0.1019932694715178,0.1165469708403038,0.10993177533543409,0.1043232119380005
2024-10-02,0.0992446033665317,0.115840658656238,0.11107122339228113,0.10110501238823921
2024-10-03,0.097314628920069,0.1155699543507097,0.11120554290448041,0.10031312992013142
2024-10-04,0.0977200274032281,0.0945580655295857,0.09568924836239387,0.08972457558760645
2024-10-07,0.1003561995682659,0.0988616408430169,0.10376630584442137,0.09603131367321346
2024-10-08,0.1061721527913784,0.1019932694715178,0.10163744431965831,0.09220271902309547
2024-10-09,0.1051498005288108,0.0992446033665317,0.10099269695564037,0.08964809396305659
2024-10-10,0.0891963131369254,0.097314628920069,0.10338071223415053,0.09061611410597255
2024-10-11,0.0890109973724129,0.0977200274032281,0.09858175978367663,0.09448521764955524
2024-10-14,0.0895570062379961,0.1003561995682659,0.09958034597662088,0.09370230143308704
2024-10-15,0.0895383513205659,0.1061721527913784,0.10461697610870621,0.09882290461698155
2024-10-16,0.0960744073406478,0.1051498005288108,0.10300391364092525,0.09475318183332006
2024-10-17,0.0954745839080424,0.0891963131369254,0.09696781232476337,0.09623199031953576
2024-10-18,0.0952394171531481,0.0890109973724129,0.09579419980631182,0.0936570018592318
2024-10-21,0.0948691941776416,0.0895570062379961,0.09620697579999604,0.09017175573414112
2024-10-22,0.0878273375915274,0.0895383513205659,0.0973725688083919,0.08846266366574067
2024-10-23,0.0890493946724105,0.0960744073406478,0.1049066768688167,0.09419343718948141
2024-10-24,0.1154662598061118,0.0954745839080424,0.10364238593302087,0.0982441789152561
2024-10-25,0.1116963299420103,0.0952394171531481,0.10432408185071693,0.0961739544692684
2024-10-28,0.106972899633984,0.0948691941776416,0.10485573595966578,0.09355065337428015
2024-10-29,0.110305613176068,0.0878273375915274,0.0978568881413442,0.09085338155012586
2024-10-30,0.138513192646303,0.0890493946724105,0.09883910434219839,0.09458310702380004
2024-10-31,0.1399085482082308,0.1154662598061118,0.12486040931540607,0.12574831220350924
2024-11-01,0.1393568431567044,0.1116963299420103,0.11822726980919702,0.1197731171188607
2024-11-04,0.1371845970442831,0.106972899633984,0.1156921193047119,0.11213211151696219
2024-11-05,0.1340695852910163,0.110305613176068,0.11569455247042319,0.1085525711668935
2024-11-06,0.1336679440410537,0.138513192646303,0.13461656432112704,0.13726946959687672
2024-11-07,0.1364169043062709,0.1399085482082308,0.13316205803838863,0.13779309272464638
2024-11-08,0.1443878192504227,0.1393568431567044,0.13207482896131598,0.13367087759698248
2024-11-11,0.1449031132120007,0.1371845970442831,0.1302120176639784,0.13540613039961463
2024-11-12,0.145311340623476,0.1340695852910163,0.12871708963174097,0.14109524157717246
2024-11-13,0.1406738120474185,0.1336679440410537,0.12849910769772008,0.14400938727622367
2024-11-14,0.1414564987052489,0.1364169043062709,0.12547774299332265,0.1346090824995719
2024-11-15,0.1414752638737698,0.1443878192504227,0.13469345129369031,0.14643050899227059
2024-11-18,0.1415265314405362,0.1449031132120007,0.13263207589522863,0.14301187576820032
2024-11-19,0.142166309019875,0.145311340623476,0.128200257718445,0.1407649096675325
2024-11-20,0.1421684619000901,0.1406738120474185,0.12714783783327763,0.13687919404454849
2024-11-21,0.1182083851775017,0.1414564987052489,0.12448965602127292,0.13490759974333977
2024-11-22,0.1181633710335994,0.1414752638737698,0.12096689828995726,0.13397436400574333
2024-11-25,0.1170741021546773,0.1415265314405362,0.11975311816052675,0.11643743703766526
2024-11-26,0.1128067324526635,0.142166309019875,0.11721076197457789,0.10869770744242385
2024-11-27,0.0782460784017085,0.1421684619000901,0.11798245719201754,0.11299768000048287
2024-11-29,0.0745770292553047,0.1182083851775017,0.10622869913135238,0.09404523853881071
2024-12-02,0.0765696795349921,0.1181633710335994,0.10573480970829947,0.08859945373626932
2024-12-03,0.0776319532794526,0.1170741021546773,0.1044522035392511,0.08787008915466604
2024-12-04,0.0806903872262123,0.1128067324526635,0.10366128022134037,0.08131539995773658
2024-12-05,0.0834987199419806,0.0782460784017085,0.08745479874672347,0.07131959794643418
2024-12-06,0.0793479716721011,0.0745770292553047,0.08250048555047981,0.06603960724666187
2024-12-09,0.0610328681785642,0.0765696795349921,0.08502212735434823,0.07955809224101279
2024-12-10,0.0637898753946277,0.0776319532794526,0.08641154805465372,0.08340140135658354
2024-12-11,0.1284118141596965,0.0806903872262123,0.08551027547373521,0.07427644651856215
2024-12-12,0.12838687829746,0.0834987199419806,0.08345720960946108,0.0832106440473828
2024-12-13,0.1342767920975826,0.0793479716721011,0.08298125508833779,0.08442847117256386
2024-12-16,0.1355505375400714,0.0610328681785642,0.07444087698590068,0.0683274104011937
2024-12-17,0.1406530103803611,0.0637898753946277,0.07801695735995325,0.0686709064544971
2024-12-18,0.1395416126921467,0.1284118141596965,0.13624535746925642,0.1429877406658399
2024-12-19,0.144368745035369,0.12838687829746,0.13720216352100373,0.13961264448799274
2024-12-20,0.1476565952154277,0.1342767920975826,0.1381827793659816,0.14583672414623447
2024-12-23,0.1475372154855204,0.1355505375400714,0.1329713905569749,0.14765493601319632
2024-12-24,0.1474367266444669,0.1406530103803611,0.13412376325267722,0.1456605546271286
2024-12-26,0.1532703623942361,0.1395416126921467,0.13986368497818097,0.1454618306643954
2024-12-27,0.1551806903077113,0.144368745035369,0.14937117514481094,0.1550132528576128
2024-12-30,0.1592461713591415,0.1476565952154277,0.14888857162181746,0.1573712217249964
2024-12-31,0.1589248434865261,0.1475372154855204,0.1472088885398789,0.15211813993758894
2025-01-02,0.1667593176437435,0.1474367266444669,0.14352394928256682,0.15449756165252462
2025-01-03,0.1635498531039529,0.1532703623942361,0.14287487037036609,0.16389404214699857
2025-01-06,0.1635319512899551,0.1551806903077113,0.12983397543323566,0.15995271076364623
2025-01-07,0.1779125109338288,0.1592461713591415,0.13138331464442102,0.16086009719241948
2025-01-08,0.1769371036428896,0.1589248434865261,0.13075595157195657,0.16148655266479903
2025-01-10,0.1807834871817839,0.1667593176437435,0.1391942663682142,0.17503800176627246
2025-01-13,0.1449885540617693,0.1635498531039529,0.13586727634861082,0.16477853448636495
2025-01-14,0.1454871037707454,0.1635319512899551,0.13369594353709793,0.15739604239770252
2025-01-15,0.141292942687241,0.1779125109338288,0.135413745459417,0.16363268227568023
2025-01-16,0.1411285274477783,0.1769371036428896,0.13059313488351523,0.160107722253634
2025-01-17,0.145963085744736,0.1807834871817839,0.13070585815460795,0.1485773719613475
2025-01-21,0.1492128114456984,0.1449885540617693,0.1156905298210437,0.13567738633256793
2025-01-22,0.1448438951125157,0.1454871037707454,0.11450333751347141,0.1274715396870148
2025-01-23,0.1384600097842577,0.141292942687241,0.11448517333481113,0.12507946895706024
2025-01-24,0.1394057581690437,0.1411285274477783,0.1163414399786741,0.12122331170171664
2025-01-27,0.1417642031885807,0.145963085744736,0.1271804675536007,0.13643274138178915
2025-01-28,0.1370742612911881,0.1492128114456984,0.11885578900389206,0.13587001336187501
2025-01-29,0.1363967074704703,0.1448438951125157,0.11808864701931336,0.13674249467541302
2025-01-30,0.1288909455894775,0.1384600097842577,0.1133093286151125,0.13041629102400215
2025-01-31,0.1343478411175345,0.1394057581690437,0.1151462196636063,0.13166896679657417
2025-02-03,0.1209756601913489,0.1417642031885807,0.1173539784947406,0.13966265036814565
2025-02-04,0.1210518293723342,0.1370742612911881,0.11529126697936712,0.12330562561334242
2025-02-05,0.1224687541977862,0.1363967074704703,0.11324009794486364,0.1263797882509332
2025-02-06,0.1116709478656735,0.1288909455894775,0.10835311894218445,0.10879783814427935
2025-02-07,0.1111251206871937,0.1343478411175345,0.11434457469073214,0.13347875436247678
2025-02-10,0.1067126480025712,0.1209756601913489,0.10710586215732819,0.10998165779401893
2025-02-11,0.102643896527853,0.1210518293723342,0.10540370264815097,0.10274979663298286
2025-02-12,0.1024539855567339,0.1224687541977862,0.1077993496645255,0.10270433584142409
2025-02-13,0.1179185226580652,0.1116709478656735,0.10299995424292963,0.09694394596882248
2025-02-14,0.1184495797869152,0.1111251206871937,0.10332650053989394,0.09457093266440596
2025-02-18,0.1087681942313756,0.1067126480025712,0.10248413795737076,0.08307490948886305
2025-02-19,0.1035771589837555,0.102643896527853,0.09544927627797997,0.08289651833016194
2025-02-20,0.1164008652417074,0.1024539855567339,0.09747791267285646,0.08899320383601142
2025-02-21,0.1290773441927212,0.1179185226580652,0.11034700486424424,0.11904907313011084
2025-02-24,0.1415257194945262,0.1184495797869152,0.1134520525794732,0.12728020900102988
2025-02-25,0.1451878845055108,0.1087681942313756,0.10993078124829431,0.1196036104988259
2025-02-26,0.1489325851610403,0.1035771589837555,0.10828502256414586,0.11532520314598575
2025-02-27,0.1580456935673303,0.1164008652417074,0.12217040173664655,0.13132243921415768
2025-02-28,0.1593131757804733,0.1290773441927212,0.12892772620890455,0.1423559957171976
2025-03-03,0.1802802697474854,0.1415257194945262,0.14549862984393158,0.15758123745468722
2025-03-04,0.1768557058993377,0.1451878845055108,0.1535690027066277,0.15957798841077986
2025-03-05,0.1792629585494898,0.1489325851610403,0.15211562952257793,0.16893679404664036
2025-03-06,0.1823120365489885,0.1580456935673303,0.16348619290713018,0.19462800845644956
2025-03-07,0.1960623458269405,0.1593131757804733,0.16118294007108838,0.1815973326515404
2025-03-10,0.200011168894732,0.1802802697474854,0.19291082235878645,0.2268910599087192
2025-03-11,0.2000163864615268,0.1768557058993377,0.1849943567621241,0.20846974895760206
2025-03-12,0.2059379745054085,0.1792629585494898,0.17913778895076515,0.20922029139188236
2025-03-13,0.2059641203929378,0.1823120365489885,0.17911857235409456,0.21552808002538232
2025-03-14,0.2001285053895105,0.1960623458269405,0.18485553123164702,0.20831374546277526
2025-03-17,0.2129890323325602,0.200011168894732,0.17579962219977666,0.21971260561918687
2025-03-18,0.2131489832287716,0.2000163864615268,0.17207919614780987,0.2264915572636143
2025-03-19,0.2162295179077834,0.2059379745054085,0.16995906156970314,0.2206137818533158
2025-03-20,0.2098497729840774,0.2059641203929378,0.16306277201119887,0.2220844226534113
2025-03-21,0.210130403164952,0.2001285053895105,0.16287605706654015,0.21764270382462275
2025-03-24,0.2056212802709271,0.2129890323325602,0.1666691200159182,0.1991496803408865
2025-03-25,0.202819790042413,0.2131489832287716,0.1577605597242194,0.1953239421776857
2025-03-26,0.1999757700940364,0.2162295179077834,0.15966203124720624,0.206490854428473
2025-03-27,0.2600665684499048,0.2098497729840774,0.16068586551504863,0.199286102639312
2025-03-28,0.3274030331333093,0.210130403164952,0.17136246508778014,0.2182980192254065
2025-03-31,0.3184689009006449,0.2056212802709271,0.17198570367610377,0.2106970167303214
2025-04-01,0.3205530735371375,0.202819790042413,0.16978060631000738,0.2007895155236267
2025-04-02,0.4924701110278581,0.1999757700940364,0.16502678215222163,0.20738900947835096
2025-04-03,0.5152362915981066,0.2600665684499048,0.2839015153056735,0.287595528601887
2025-04-04,0.5137080689277974,0.3274030331333093,0.47259726408630914,0.4364966454101065
2025-04-07,0.514273260982748,0.3184689009006449,0.4640329264604348,0.31567726050481304
2025-04-08,0.5133047710444646,0.3205530735371375,0.44483098851363295,0.44904390054876986
2025-04-09,0.515888660752072,0.4924701110278581,1.0720121176681359,0.5283084375581212
2025-04-10,0.5162000297452716,0.5152362915981066,1.1625833810721695,0.6052023159529393
2025-04-11,0.5210957006403313,0.5137080689277974,1.0800096466697187,0.6476784576326169
2025-04-14,0.5263548425127957,0.514273260982748,0.9371985116777863,0.6033464869773958
2025-04-15,0.530529575502946,0.5133047710444646,0.8416671946200494,0.6670019884154765
2025-04-16,0.5364043360985635,0.515888660752072,0.9154530109771137,0.45506549510938726
2025-04-17,0.5373754287099569,0.5162000297452716,0.7929926845434259,0.3808523543447436
2025-04-21,0.5327371610370407,0.5210957006403313,0.7463508908022617,0.38433231206333945
2025-04-22,0.5326662791031817,0.5263548425127957,0.7131758168069823,0.4239582285973819
2025-04-23,0.5325380666671582,0.530529575502946,0.6462925203019276,0.44604775105064
2025-04-24,0.5326739396554347,0.5364043360985635,0.5962332460756444,0.4426915453379999
2025-04-25,0.5008547961204468,0.5373754287099569,0.555094631711923,0.4313131682865972
2025-04-28,0.443965753431189,0.5327371610370407,0.5191945394242755,0.3973734870922199
2025-04-29,0.4460103062143492,0.5326662791031817,0.48026093963392713,0.33609447309851187
2025-04-30,0.4391729290860767,0.5325380666671582,0.4560775637435448,0.3189107216310973
2025-05-01,0.2657231835016599,0.5326739396554347,0.4354952418554586,0.31484724581960677
2025-05-02,0.2025824224115144,0.5008547961204468,0.40884494867372256,0.29802385925820823
2025-05-05,0.2221017136968995,0.443965753431189,0.3517340522088941,0.29027766628576074
2025-05-06,0.2214032346552912,0.4460103062143492,0.36702704558135063,0.28110373477509304
2025-05-07,0.2201509381269849,0.4391729290860767,0.3799312379756546,0.2982391498873358
2025-05-08,0.1958537581168347,0.2657231835016599,0.15927429165935886,0.23586881711073773
2025-05-09,0.1951690546997164,0.2025824224115144,0.10447704136546415,0.19097090967528388
2025-05-12,0.1610674466614349,0.2221017136968995,0.1069497938817211,0.19510718585201128
2025-05-13,0.1497381707580659,0.2214032346552912,0.10970670926913592,0.19076796787752925
2025-05-14,0.1656982412042054,0.2201509381269849,0.11390459696077875,0.18760132605270177
2025-05-15,0.1540357908085708,0.1958537581168347,0.0785623830165701,0.1638377372318593
2025-05-16,0.1572639457541228,0.1951690546997164,0.07092587838925302,0.1718255442146807
2025-05-19,0.1694851494425251,0.1610674466614349,0.05997499697308247,0.14280543509960497
2025-05-20,0.1722886378674225,0.1497381707580659,0.06290731447066687,0.11522808249717752
2025-05-21,0.1720576162969723,0.1656982412042054,0.08289257698698319,0.14630043222900205
2025-05-22,0.172011925386111,0.1540357908085708,0.08520589492513736,0.14029452854325442
2025-05-23,0.1665034722644512,0.1572639457541228,0.0972641098085903,0.1426215892530521
2025-05-27,0.1641577453428849,0.1694851494425251,0.1046356621920731,0.1693101030709418
2025-05-28,0.1592634377578695,0.1722886378674225,0.11855254109325368,0.1722064818193365
2025-05-29,0.1617397737572907,0.1720576162969723,0.1314414511035113,0.1660824416526088
2025-05-30,0.1632714726115082,0.172011925386111,0.14985078767521434,0.16863956210503905
2025-06-02,0.1627102792306815,0.1665034722644512,0.15577305931276167,0.15887674885477945
2025-06-03,0.1206791533997603,0.1641577453428849,0.15148239324746962,0.15935007112295888
2025-06-04,0.120258287305718,0.1592634377578695,0.16781048474406626,0.14278092102309067
2025-06-05,0.1206528362109058,0.1617397737572907,0.20240402332362745,0.15142395633434427
2025-06-06,0.1277749998964319,0.1632714726115082,0.15789141159351724,0.15958491966501168
2025-06-09,0.1301316132872105,0.1627102792306815,0.13989037640401566,0.18687732944132257
2025-06-10,0.134219810767443,0.1206791533997603,0.11361067951379623,0.13736105663809303
2025-06-11,0.1335618810057315,0.120258287305718,0.11663110878724381,0.1342741323192555
2025-06-12,0.1174293689381305,0.1206528362109058,0.11844471577074661,0.13341569610426438
2025-06-13,0.121367982092967,0.1277749998964319,0.12312424634034287,0.14783185057196435
2025-06-16,0.1214330247477707,0.1301316132872105,0.12584941932083654,0.15408780502132416
2025-06-17,0.1009253107546282,0.134219810767443,0.11482606075797856,0.16491032356399224
2025-06-18,0.0994407720657889,0.1335618810057315,0.11285593247584434,0.14148652255947475
2025-06-20,0.0997469768734199,0.1174293689381305,0.10664414316341203,0.14857354955952484
2025-06-23,0.0993288093720209,0.121367982092967,0.10322573519042735,0.1370795903272709
2025-06-24,0.0990986650204317,0.1214330247477707,0.10297352921928106,0.1425964236410793
2025-06-25,0.0986420986807723,0.1009253107546282,0.0939926435190063,0.11370798158900844
2025-06-26,0.1001993250212942,0.0994407720657889,0.09532150926310562,0.12154110243192785
2025-06-27,0.1031734371065809,0.0997469768734199,0.09427172079899546,0.12249348041979553
2025-06-30,0.0993970148601619,0.0993288093720209,0.09430834565684597,0.12070881678561021
2025-07-01,0.1003589980845715,0.0990986650204317,0.09373744985981029,0.11236912309845695
2025-07-02,0.0995435363388646,0.0986420986807723,0.09160269141109326,0.11298872915595871
2025-07-03,0.100001006981314,0.1001993250212942,0.09041092377025348,0.11464937532557143
2025-07-07,0.099721136415386,0.1031734371065809,0.09514597330771997,0.1159685424560213
2025-07-08,0.0901945503003874,0.0993970148601619,0.09642009132431308,0.12068730196246433
2025-07-09,0.0861862926783683,0.1003589980845715,0.09677532899503026,0.10408664955878406
2025-07-10,0.0778500545365818,0.0995435363388646,0.08907197242600258,0.10437627465781514
2025-07-11,0.0781533817989075,0.100001006981314,0.08946186965076823,0.09929435860050803
2025-07-14,0.0760031809401956,0.099721136415386,0.08889487887759336,0.09872947969119637
2025-07-15,0.071818655908668,0.0901945503003874,0.08633515472712033,0.10153712175768442
2025-07-16,0.068267974776495,0.0861862926783683,0.08526721184985915,0.10392660257461629
2025-07-17,0.0683462845341044,0.0778500545365818,0.08148806724766258,0.09585631889597283
2025-07-18,0.0655864477532497,0.0781533817989075,0.08234868709032638,0.10318759818038037
2025-07-21,0.065097819708577,0.0760031809401956,0.0796238982991503,0.10261076089564544
2025-07-22,0.0658639257752648,0.071818655908668,0.07871642858096498,0.10258610575803712
2025-07-23,0.0662695573678612,0.068267974776495,0.07855888471632531,0.09780171951124592
2025-07-24,0.067506351290191,0.0683462845341044,0.07468629852441677,0.09894357477519669
2025-07-25,0.0869969722598914,0.0655864477532497,0.07493614935887309,0.09127997318683183
2025-07-28,0.0983910952412378,0.065097819708577,0.0761719710452871,0.08534372828290392
2025-07-29,0.1005318571466389,0.0658639257752648,0.07870593584019347,0.08909495008098985
2025-07-30,0.101863744011134,0.0662695573678612,0.07905273539069559,0.08531422672761933
2025-07-31,0.1016795810741866,0.067506351290191,0.08217476390811981,0.09256197878747618
2025-08-01,0.1036188764906367,0.0869969722598914,0.1008217274260649,0.1048969345807657
2025-08-04,0.1041224602050513,0.0983910952412378,0.11065439695396086,0.10909255773544227
2025-08-05,0.1076629027659958,0.1005318571466389,0.11144343502711257,0.11893000751001032
2025-08-06,0.107680058771181,0.101863744011134,0.11215303038817813,0.11265326694181639
2025-08-07,0.106475722512364,0.1016795810741866,0.11161374757190753,0.11064061212551797
2025-08-08,0.1070415219341162,0.1036188764906367,0.1113745414178412,0.10219399078066232
2025-08-11,0.1071348443374524,0.1041224602050513,0.11173597034010868,0.1019761649855318
2025-08-12,0.1096293428201394,0.1076629027659958,0.11127811692597721,0.10150602072242908
2025-08-13,0.1064580715658621,0.107680058771181,0.1091267678401372,0.10146014313322632
2025-08-14,0.107559386887973,0.106475722512364,0.10735795416784334,0.09862031756792747
2025-08-15,0.1196128926780445,0.1070415219341162,0.10654973561878729,0.09867687288399356
2025-08-18,0.1209281623940575,0.1071348443374524,0.10556466801626758,0.09668663885282407
2025-08-19,0.1210521667767434,0.1096293428201394,0.10527073813711596,0.10369611176477829
2025-08-20,0.1209150624363763,0.1064580715658621,0.10338673349688496,0.09462493937562
2025-08-21,0.11991582473917,0.107559386887973,0.10386358236478614,0.09849053521327399
2025-08-22,0.1038771488555519,0.1196128926780445,0.10803588537357497,0.11164143086120129
2025-08-25,0.0962806068760641,0.1209281623940575,0.10850169422213858,0.11303912952751052
2025-08-26,0.0950930649608827,0.1210521667767434,0.10730944224804276,0.1174244803395452
2025-08-27,0.095739484417427,0.1209150624363763,0.10562413388195988,0.11228924185501311
2025-08-28,0.0966189715534207,0.11991582473917,0.10518393252678905,0.10867948461027738
2025-08-29,0.0936018165483734,0.1038771488555519,0.10060182443863391,0.10151540375060818
2025-09-02,0.0930849211601902,0.0962806068760641,0.10110820259021663,0.10034345305498309
2025-09-03,0.0864726622212679,0.0950930649608827,0.09990009222087694,0.0964894014607217
2025-09-04,0.0901145220193873,0.095739484417427,0.09943880363137482,0.09380129100171639
2025-09-05,0.0901830008610955,0.0966189715534207,0.10008093544126774,0.0976215417623223
2025-09-08,0.0905591184919511,0.0936018165483734,0.09609707885227538,0.08938684035888121
2025-09-09,0.0909166009205398,0.0930849211601902,0.09340906024855548,0.0910160675803673
2025-09-10,0.0879744243672167,0.0864726622212679,0.09068684011289596,0.08527154061615834
2025-09-11,0.0872274228802892,0.0901145220193873,0.0922342122114798,0.09017521828438159
2025-09-12,0.084990079758491,0.0901830008610955,0.09175699578425163,0.09497604100039697
2025-09-15,0.0707686920680219,0.0905591184919511,0.09188947746030934,0.09258076045712899
2025-09-16,0.0720697007998872,0.0909166009205398,0.09201877286806115,0.0941625366804661
2025-09-17,0.0734752081236166,0.0879744243672167,0.0909244339991084,0.09407940690320948
2025-09-18,0.0763585524513419,0.0872274228802892,0.08907246970963373,0.09431562540167644
2025-09-19,0.0776918216752188,0.084990079758491,0.08833925961455869,0.09125658637943525
2025-09-22,0.0731643322833234,0.0707686920680219,0.08368411686311578,0.08745224374185145
2025-09-23,0.0652658513016514,0.0720697007998872,0.08707565104973451,0.08619549768969376
2025-09-24,0.0643097483870475,0.0734752081236166,0.09035692604686224,0.08807841174936809
2025-09-25,0.0598759311574665,0.0763585524513419,0.0939691612110184,0.09318804972700234
2025-09-26,0.0577990178510666,0.0776918216752188,0.09431184382622178,0.08925989307282961
2025-09-29,0.0581034576401245,0.0731643322833234,0.08683167391700136,0.0772736698399545
2025-09-30,0.0613352835535032,0.0652658513016514,0.08074218045685615,0.068426355853325
2025-10-01,0.0631452885703352,0.0643097483870475,0.0807438339388909,0.06666057696964796
2025-10-02,0.0601361609272247,0.0598759311574665,0.07978074341947425,0.05797747394734636
2025-10-03,0.1179695541976523,0.0577990178510666,0.07921477998013915,0.05605652473798322
2025-10-06,0.1288596259970992,0.0581034576401245,0.07870592598997708,0.056168222235479244
2025-10-07,0.1288339786120434,0.0613352835535032,0.08048882614222545,0.06615842985813236
2025-10-08,0.1295005759819174,0.0631452885703352,0.0801468400127039,0.06744186184271185
2025-10-09,0.1311260079169506,0.0601361609272247,0.08036425257388131,0.06587283738290331
2025-10-10,0.1315088102003495,0.1179695541976523,0.12896140505689593,0.14075774611691574
2025-10-13,0.1356105892617586,0.1288596259970992,0.1341477682650975,0.1453759398663688
2025-10-14,0.1338928513759679,0.1288339786120434,0.13024487462437548,0.14480732793692477
2025-10-15,0.1348435167942782,0.1295005759819174,0.12620004208047714,0.12855215199524714
2025-10-16,0.1347155419878395,0.1311260079169506,0.12627650695204684,0.14391010689427658
2025-10-17,0.136102271204737,0.1315088102003495,0.1279245017828403,0.1387328271960917
2025-10-20,0.1411323272950416,0.1356105892617586,0.1226809875956076,0.14037188682714952
2025-10-21,0.1409620503856729,0.1338928513759679,0.12050492553608447,0.13784140950422644
2025-10-22,0.1408325317579452,0.1348435167942782,0.1212873096251365,0.14739352592970922
2025-10-23,0.1476209722690801,0.1347155419878395,0.11809825311685784,0.13538384007495496
2025-10-24,0.1478458149181832,0.136102271204737,0.11710648081041546,0.1362560455038097
2025-10-27,0.1475673413493263,0.1411323272950416,0.11710738539209833,0.15300011349131126
2025-10-28,0.1536973730475358,0.1409620503856729,0.11411931236994663,0.14191226445150187
2025-10-29,0.1527701409589814,0.1408325317579452,0.11251625408416763,0.13603041125880785
2025-10-30,0.1574752694124938,0.1476209722690801,0.11699916698029765,0.14639527488447768
2025-10-31,0.1198642810951481,0.1478458149181832,0.11332497481922874,0.13999441883659888
2025-11-03,0.1202604798173048,0.1475673413493263,0.11029542686253743,0.14021812068988998
2025-11-04,0.1199022555638042,0.1536973730475358,0.1175294545837334,0.1528487273639229
2025-11-05,0.1194533552392771,0.1527701409589814,0.11776308999506399,0.1381490747438591
2025-11-06,0.1328650199648284,0.1574752694124938,0.12294535904353839,0.1425809598088546
2025-11-07,0.1316745812913887,0.1198642810951481,0.10916405306188982,0.11593999035526246
2025-11-10,0.1308347859807941,0.1202604798173048,0.10951246262017299,0.10782652296906782
2025-11-11,0.1338652951071418,0.1199022555638042,0.10706858815129985,0.10816480451865716
2025-11-12,0.1338086213064922,0.1194533552392771,0.10805380125205472,0.10489216380981994
2025-11-13,0.1416007967532944,0.1328650199648284,0.12353885747669613,0.13114478835650026
2025-11-14,0.1433226124683012,0.1316745812913887,0.11865752482764802,0.13529652537008963
2025-11-17,0.1471298308578762,0.1308347859807941,0.11945726042619417,0.13546140621526045
2025-11-18,0.1513390772137015,0.1338652951071418,0.12279757236735041,0.13810622896532584
2025-11-19,0.1537892383832085,0.1338086213064922,0.12291005556321212,0.14013977492177324
2025-11-20,0.1499610502002014,0.1416007967532944,0.13230647335066353,0.15193952148413986
2025-11-21,0.1504569528562065,0.1433226124683012,0.13405459076143786,0.1550534657301841
2025-11-24,0.1504526549260909,0.1471298308578762,0.13280743511456494,0.14821262305991678
2025-11-25,0.1442421438631059,0.1513390772137015,0.13202318323442336,0.1536248065497246
2025-11-26,0.1438585269751837,0.1537892383832085,0.13076509454193702,0.14914813062282678
2025-11-28,0.1375670255662281,0.1499610502002014,0.12732359785684993,0.1468171710735983
2025-12-01,0.1383527025800236,0.1504569528562065,0.12819864329468245,0.14728300661036173
2025-12-02,0.127277584765151,0.1504526549260909,0.1256486410503695,0.1396682843959024
2025-12-03,0.1291663392205229,0.1442421438631059,0.12213359108866702,0.12352495925459277
2025-12-04,0.1293591003235042,0.1438585269751837,0.12166447125581169,0.11439931385909453
2025-12-05,0.1203347583623273,0.1375670255662281,0.11859273967062234,0.10271339486510302
2025-12-08,0.1205607456178248,0.1383527025800236,0.11143670035837584,0.10793462176972032
2025-12-09,0.1154502155478857,0.127277584765151,0.10677502027609166,0.09718540424150147
2025-12-10,0.1186306515301544,0.1291663392205229,0.10504474138963563,0.0920079788422964
2025-12-11,0.1205613896408417,0.1293591003235042,0.10488685989141695,0.09460445973996719
2025-12-12,0.1068785243203555,0.1203347583623273,0.10511979537401259,0.09947634765126302
2025-12-15,0.1041327407972274,0.1205607456178248,0.10572235759116332,0.10514038064871178
2025-12-16,0.0936597640862662,0.1154502155478857,0.10250257884448846,0.10971703527158969
2025-12-17,0.0894058676668768,0.1186306515301544,0.10925433585911826,0.11608331193747604
2025-12-18,0.0870006139293349,0.1205613896408417,0.10994234919735431,0.11805027050986325
2025-12-19,0.0866720588237847,0.1068785243203555,0.09777122785031095,0.0991201920330223
2025-12-22,0.0848799822107834,0.1041327407972274,0.09730284634655713,0.0944005094493443
2025-12-23,0.0894050377096327,0.0936597640862662,0.09243129256666555,0.09003719834030667
